BRK.B,Berkshire Hathaway Inc.
BRK.A,Berkshire Hathaway Inc.
LLY,Eli Lilly and Company
TSM,Taiwan Semiconductor Manufacturing Company Limited
JPM,JPMorgan Chase & Co.
NVO,Novo Nordisk A/S
V,Visa Inc.
XOM,Exxon Mobil Corporation
WMT,Walmart Inc.
UNH,UnitedHealth Group Incorporated
MA,Mastercard Incorporated
PG,The Procter & Gamble Company
JNJ,Johnson & Johnson
HD,The Home Depot
ORCL,Oracle Corporation
MRK,Merck & Co.
BAC,Bank of America Corporation
CVX,Chevron Corporation
ABBV,AbbVie Inc.
CRM,Salesforce
TM,Toyota Motor Corporation
KO,The Coca-Cola Company
SHEL,Shell plc
TMO,Thermo Fisher Scientific Inc.
SAP,SAP SE
WFC,Wells Fargo & Company
NVS,Novartis AG
DHR,Danaher Corporation
MCD,McDonald's Corporation
ACN,Accenture plc
DIS,The Walt Disney Company
BABA,Alibaba Group Holding Limited
ABT,Abbott Laboratories
GE,GE Aerospace
AXP,American Express Company
CAT,Caterpillar Inc.
TTE,TotalEnergies SE
VZ,Verizon Communications Inc.
HSBC,HSBC Holdings plc
MS,Morgan Stanley
PFE,Pfizer Inc.
NOW,ServiceNow
NEE,NextEra Energy
BHP,BHP Group Limited
PM,Philip Morris International Inc.
IBM,International Business Machines Corporation
BX,Blackstone Inc.
GS,The Goldman Sachs Group
RY,Royal Bank of Canada
UNP,Union Pacific Corporation
COP,Conoco Phillips
SCHW,The Charles Schwab Corporation
NKE,NIKE
RTX,RTX Corp
SPGI,S&P Global Inc.
BUD,Anheuser-Busch InBev SA/NV
UBER,Uber Technologies
UL,Unilever PLC
HDB,HDFC Bank Limited
LOW,Lowe's Companies
ETN,Eaton Corporation plc
UPS,United Parcel Service
SYK,Stryker Corporation
ELV,Elevance Health Inc.
T,AT&T Inc.
RIO,Rio Tinto Group
PGR,The Progressive Corporation
C,Citigroup Inc.
BLK,BlackRock
MUFG,Mitsubishi UFJ Financial Group
MDT,Medtronic plc
BA,The Boeing Company
TJX,The TJX Companies
LMT,Lockheed Martin Corporation
CB,Chubb Limited
DE,Deere & Company
BSX,Boston Scientific Corporation
DELL,Dell Technologies Inc.
BP,BP p.l.c.
MMC,Marsh & McLennan Companies
PLD,Prologis
TD,The Toronto-Dominion Bank
SONY,Sony Group Corporation
ANET,Arista Networks
SCCO,Southern Copper Corporation
UBS,UBS Group AG
PBR.A,PetrÃ³leo Brasileiro S.A. - Petrobras
PBR,PetrÃ³leo Brasileiro S.A. - Petrobras
CI,Cigna Corporation
IBN,ICICI Bank Limited
KKR,KKR & Co. Inc.
GSK,GSK plc
AMT,American Tower Corporation
FI,Fiserv
BMY,Bristol-Myers Squibb Company
CMG,Chipotle Mexican Grill
SO,The Southern Company
WM,Waste Management
HCA,HCA Healthcare
EQNR,Equinor ASA
CNQ,Canadian Natural Resources Limited
RELX,RELX PLC
GD,General Dynamics Corporation
SAN,Banco Santander
CNI,Canadian National Railway Company
SMFG,Sumitomo Mitsui Financial Group
DUK,Duke Energy Corporation
ZTS,Zoetis Inc.
APH,Amphenol Corporation
ICE,Intercontinental Exchange
SHW,The Sherwin-Williams Company
MO,Altria Group
DEO,Diageo plc
ENB,Enbridge Inc.
FCX,Freeport-McMoRan Inc.
CL,Colgate-Palmolive Company
TRI,Thomson Reuters Corporation
CP,Canadian Pacific Railway Limited
RACE,Ferrari N.V.
MCO,Moody's Corporation
SHOP,Shopify Inc.
ITW,Illinois Tool Works Inc.
EOG,EOG Resources
TT,Trane Technologies plc
TGT,Target Corporation
MCK,McKesson Corporation
BN,Brookfield Corporation
CVS,CVS Health Corporation
TDG,TransDigm Group Incorporated
INFY,Infosys Limited
BTI,British American Tobacco p.l.c.
PH,Parker-Hannifin Corporation
NOC,Northrop Grumman Corporation
SLB,Schlumberger Limited
BMO,Bank of Montreal
BDX,Becton
STLA,Stellantis N.V.
ECL,Ecolab Inc.
USB,U.S. Bancorp
EMR,Emerson Electric Co.
APO,Apollo Global Management
PNC,The PNC Financial Services Group
BBVA,Banco Bilbao Vizcaya Argentaria
AON,Aon plc
ZK,ZEEKR Intelligent Technology Holding Limited
MPC,Marathon Petroleum Corporation
FDX,FedEx Corporation
PSX,Phillips 66
EPD,Enterprise Products Partners L.P.
MSI,Motorola Solutions
AMX,AmÃ©rica MÃ³vil
WELL,Welltower Inc.
RSG,Republic Services
ITUB,ItaÃº Unibanco Holding S.A.
BNS,The Bank of Nova Scotia
SPOT,Spotify Technology S.A.
CARR,Carrier Global Corporation
ING,ING Groep N.V.
APD,Air Products and Chemicals
MMM,3M Company
CRH,CRH plc
AJG,Arthur J. Gallagher & Co.
OXY,Occidental Petroleum Corporation
VALE,Vale S.A.
NU,Nu Holdings Ltd.
VLO,Valero Energy Corporation
NGG,National Grid plc
SNOW,Snowflake Inc.
COF,Capital One Financial Corporation
EW,Edwards Lifesciences Corporation
ET,Energy Transfer LP
AIG,American International Group
HMC,Honda Motor Co.
TFC,Truist Financial Corporation
MET,MetLife
GM,General Motors Company
NSC,Norfolk Southern Corporation
SU,Suncor Energy Inc.
MFG,Mizuho Financial Group
HLT,Hilton Worldwide Holdings Inc.
PSA,Public Storage
E,Eni S.p.A.
AZO,AutoZone
NEM,Newmont Corporation
WMB,The Williams Companies
AFL,Aflac Incorporated
TRV,The Travelers Companies
DHI,D.R. Horton
SRE,Sempra
HES,Hess Corporation
SPG,Simon Property Group
MFC,Manulife Financial Corporation
EL,The EstÃ©e Lauder Companies Inc.
OKE,ONEOK
F,Ford Motor Company
DASH,DoorDash
O,Realty Income Corporation
STZ,Constellation Brands
JCI,Johnson Controls International plc
DLR,Digital Realty Trust
GWW,W.W. Grainger
CM,Canadian Imperial Bank of Commerce
PLTR,Palantir Technologies Inc.
TEL,TE Connectivity Ltd.
LEN,Lennar Corporation
LEN.B,Lennar Corporation
URI,United Rentals
A,Agilent Technologies
KMB,Kimberly-Clark Corporation
D,Dominion Energy
ALL,The Allstate Corporation
CCI,Crown Castle Inc.
SQ,Block
GEV,GE Vernova Inc.
BK,The Bank of New York Mellon Corporation
LYG,Lloyds Banking Group plc
COR,Cencora
ALC,Alcon Inc.
KMI,Kinder Morgan
FIS,Fidelity National Information Services
PRU,Prudential Financial
AMP,Ameriprise Financial
WCN,Waste Connections
HUM,Humana Inc.
FERG,Ferguson plc
LHX,L3Harris Technologies
IQV,IQVIA Holdings Inc.
HSY,The Hershey Company
CNC,Centene Corporation
DOW,Dow Inc.
BCS,Barclays PLC
TAK,Takeda Pharmaceutical Company Limited
SE,Sea Limited
NUE,Nucor Corporation
MPLX,MPLX LP
CPNG,Coupang
BSBR,Banco Santander (Brasil) S.A.
TRP,TC Energy Corporation
GIS,General Mills
MSCI,MSCI Inc.
YUM,Yum! Brands
PCG,PG&E Corporation
CTVA,Corteva
KVUE,Kenvue Inc.
OTIS,Otis Worldwide Corporation
KR,The Kroger Co.
CMI,Cummins Inc.
HLN,Haleon plc
PWR,Quanta Services
AME,AMETEK
ABEV,Ambev S.A.
CVE,Cenovus Energy Inc.
SYY,Sysco Corporation
IR,Ingersoll Rand Inc.
STM,ST Microelectronics
PEG,Public Service Enterprise Group Incorporated
FLUT,Flutter Entertainment plc
LNG,Cheniere Energy
RCL,Royal Caribbean Cruises Ltd.
NWG,NatWest Group plc
VRT,Vertiv Holdings Co
MLM,Martin Marietta Materials
WDS,Woodside Energy Group Ltd
LVS,Las Vegas Sands Corp.
IT,Gartner
AEM,Agnico Eagle Mines Limited
FICO,Fair Isaac Corporation
XYL,Xylem Inc.
VMC,Vulcan Materials Company
DAL,Delta Air Lines
VEEV,Veeva Systems Inc.
HWM,Howmet Aerospace Inc.
DB,Deutsche Bank Aktiengesellschaft
ED,Consolidated Edison
HAL,Halliburton Company
DD,DuPont de Nemours
GRMN,Garmin Ltd.
LYB,LyondellBasell Industries N.V.
VST,Vistra Corp.
MTD,Mettler-Toledo International Inc.
EXR,Extra Space Storage Inc.
RMD,ResMed Inc.
VICI,VICI Properties Inc.
PPG,PPG Industries
DFS,Discover Financial Services
BCE,BCE Inc.
GOLD,Barrick Gold Corporation
DVN,Devon Energy Corporation
HUBS,HubSpot
DG,Dollar General Corporation
ORAN,Orange S.A.
ROK,Rockwell Automation
EFX,Equifax Inc.
HPQ,HP Inc.
HIG,The Hartford Financial Services Group
ADM,Archer-Daniels-Midland Company
CHT,Chunghwa Telecom Co.
GLW,Corning Incorporated
SLF,Sun Life Financial Inc.
WAB,Westinghouse Air Brake Technologies Corporation
EIX,Edison International
PINS,Pinterest
PUK,Prudential plc
NTR,Nutrien Ltd.
AVB,AvalonBay Communities
WIT,Wipro Limited
RKT,Rocket Companies
CBRE,CBRE Group
ARES,Ares Management Corporation
GPN,Global Payments Inc.
KEYS,Keysight Technologies
TECK,Teck Resources Limited
FTV,Fortive Corporation
OWL,Blue Owl Capital Inc.
WEC,WEC Energy Group
SNAP,Snap Inc.
BBDO,Banco Bradesco S.A.
HEI,HEICO Corporation
RJF,Raymond James Financial
BBD,Banco Bradesco S.A.
HEI.A,HEICO Corporation
PHG,Koninklijke Philips N.V.
AWK,American Water Works Company
TRGP,Targa Resources Corp.
CHD,Church & Dwight Co.
WST,West Pharmaceutical Services
WPM,Wheaton Precious Metals Corp.
FMX,Fomento EconÃ³mico Mexicano
MTB,M&T Bank Corporation
BRO,Brown & Brown
NET,Cloudflare
TME,Tencent Music Entertainment Group
IFF,International Flavors & Fragrances Inc.
EQR,Equity Residential
IX,ORIX Corporation
TEF,TelefÃ³nica
DOV,Dover Corporation
PHM,PulteGroup
EC,Ecopetrol S.A.
ZBH,Zimmer Biomet Holdings
FNV,Franco-Nevada Corporation
VLTO,Veralto Corporation
TU,TELUS Corporation
CAH,Cardinal Health
DTE,DTE Energy Company
ETR,Entergy Corporation
GIB,CGI Inc.
BR,Broadridge Financial Solutions
CQP,Cheniere Energy Partners
NVR,NVR
IRM,Iron Mountain Incorporated
CVNA,Carvana Co.
STT,State Street Corporation
HPE,Hewlett Packard Enterprise Company
CCJ,Cameco Corporation
BF.A,Brown-Forman Corporation
STE,STERIS plc
BF.B,Brown-Forman Corporation
FE,FirstEnergy Corp.
DECK,Deckers Outdoor Corporation
ASX,ASE Technology Holding Co.
WY,Weyerhaeuser Company
PKX,POSCO Holdings Inc.
QSR,Restaurant Brands International Inc.
IOT,Samsara Inc.
ROL,Rollins
LYV,Live Nation Entertainment
APTV,Aptiv PLC
KB,KB Financial Group Inc.
BEKE,KE Holdings Inc.
PPL,PPL Corporation
BALL,Ball Corporation
INVH,Invitation Homes Inc.
ARE,Alexandria Real Estate Equities
MT,ArcelorMittal S.A.
MKL,Markel Corporation
NOK,Nokia Oyj
RCI,Rogers Communications Inc.
ES,Eversource Energy
GPC,Genuine Parts Company
WAT,Waters Corporation
TSN,Tyson Foods
HUBB,Hubbell Incorporated
K,Kellanova Co
CTRA,Coterra Energy Inc.
RBLX,Roblox Corporation
TYL,Tyler Technologies
UMC,United Microelectronics Corporation
BLDR,Builders FirstSource
MOH,Molina Healthcare
PBA,Pembina Pipeline Corporation
WLK,Westlake Corporation
WRB,W. R. Berkley Corporation
TS,Tenaris S.A.
FTS,Fortis Inc.
LDOS,Leidos Holdings
MKC,McCormick & Company
AEE,Ameren Corporation
WSM,Williams-Sonoma
HRL,Hormel Foods Corporation
CSL,Carlisle Companies Incorporated
BAH,Booz Allen Hamilton Holding Corporation
VTR,Ventas
CPAY,Corpay
MKC.V,McCormick & Company
ZTO,ZTO Express (Cayman) Inc.
TDY,Teledyne Technologies Incorporated
WSO,Watsco
AER,AerCap Holdings N.V.
CNP,CenterPoint Energy
PSTG,Pure Storage
CRBG,Corebridge Financial
GDDY,GoDaddy Inc.
CCL,Carnival Corporation & plc
CMS,CMS Energy Corporation
OMC,Omnicom Group Inc.
CUK,Carnival Corporation & plc
TLK,Telkom Indonesia (Persero) Tbk PT
ELPC,Cia Paranaense De Energia Copel
RF,Regions Financial Corporation
DRI,Darden Restaurants
TEVA,Teva Pharmaceutical Industries Limited
EQT,EQT Corporation
AVY,Avery Dennison Corporation
SHG,Shinhan Financial Group Co.
BAX,Baxter International Inc.
WSO.B,Watsco
DPZ,Domino's Pizza
ATO,Atmos Energy Corporation
EME,EMCOR Group
LH,Laboratory Corporation of America Holdings
SYF,Synchrony Financial
NMR,Nomura Holdings
EBR,Centrais ElÃ©tricas Brasileiras S.A. - EletrobrÃ¡s
LII,Lennox International Inc.
L,Loews Corporation
CE,Celanese Corporation
FDS,FactSet Research Systems Inc.
NRG,NRG Energy
J,Jacobs Engineering Group Inc.
RS,Reliance Steel & Aluminum Co.
ESS,Essex Property Trust
EG,Everest Group
TXT,Textron Inc.
AVTR,Avantor
CFG,Citizens Financial Group
IEX,IDEX Corporation
CLX,The Clorox Company
EXPD,Expeditors International of Washington
LUV,Southwest Airlines Co.
PKG,Packaging Corporation of America
IHG,InterContinental Hotels Group PLC
MAA,Mid-America Apartment Communities
DGX,Quest Diagnostics Incorporated
JHX,James Hardie Industries plc
DKS,DICK'S Sporting Goods
BBY,Best Buy Co.
BAM,Brookfield Asset Management Inc.
GFI,Gold Fields Limited
MAS,Masco Corporation
ALB,Albemarle Corporation
OC,Owens Corning
SUI,Sun Communities
YUMC,Yum China Holdings
AES,The AES Corporation
H,Hyatt Hotels Corporation
TRU,TransUnion
VIV,TelefÃ´nica Brasil S.A.
TOST,Toast
MRO,Marathon Oil Corporation
AMCR,Amcor plc
SNA,Snap-on Incorporated
CAG,Conagra Brands
RPM,RPM International Inc.
BG,Bunge Limited
KEY,KeyCorp
WES,Western Midstream Partners
CNHI,CNH Industrial N.V.
FNF,Fidelity National Financial
DT,Dynatrace
BIP,Brookfield Infrastructure Partners L.P.
IP,International Paper Company
GGG,Graco Inc.
DOC,Healthpeak Properties
TPL,Texas Pacific Land Corporation
RGA,Reinsurance Group of America
PNR,Pentair plc
CF,CF Industries Holdings
JBL,Jabil Inc.
SWK,Stanley Black & Decker
CPB,Campbell Soup Company
AGR,Avangrid
RBA,RB Global Inc
RTO,Rentokil Initial plc
WRK,WestRock Company
MGA,Magna International Inc.
TOL,Toll Brothers
EDU,New Oriental Education & Technology Group Inc.
RVTY,Revvity
USFD,US Foods Holding Corp.
WMS,Advanced Drainage Systems
AMH,American Homes 4 Rent
SQM,Sociedad QuÃ­mica y Minera de Chile S.A.
NVT,nVent Electric plc
OVV,Ovintiv Inc.
EQH,Equitable Holdings
WPC,W. P. Carey Inc.
NI,NiSource Inc.
UHAL.B,U-Haul Holding Company
UHAL,U-Haul Holding Company
BAP,Credicorp Ltd.
UDR,UDR
SUZ,Suzano S.A.
KIM,Kimco Realty Corporation
FMS,Fresenius Medical Care AG & Co. KGaA
MGM,MGM Resorts International
XPO,XPO Logistics
BLD,TopBuild Corp.
FND,Floor & Decor Holdings
BEN,Franklin Resources
AOS,A. O. Smith Corporation
PR,Permian Resources Corporation
THC,Tenet Healthcare Corporation
LW,Lamb Weston Holdings
BCH,Banco de Chile
BURL,Burlington Stores
VIK,Viking Holdings Ltd.
CNA,CNA Financial Corporation
DVA,DaVita Inc.
SJM,The J. M. Smucker Company
ACM,AECOM
ALLY,Ally Financial Inc.
ONON,On Holding AG
RNR,RenaissanceRe Holdings Ltd.
ELS,Equity LifeStyle Properties
IPG,The Interpublic Group of Companies
AEG,Aegon N.V.
ACI,Albertsons Companies
EMN,Eastman Chemical Company
CX,CEMEX
PATH,UiPath Inc.
GFL,GFL Environmental Inc.
CNM,Core & Main
WPP,WPP plc
TAP.A,Molson Coors Beverage Company
PFGC,Performance Food Group Company
CLH,Clean Harbors
ITT,ITT Inc.
KMX,CarMax
FTI,TechnipFMC plc
SNN,Smith & Nephew plc
CRL,Charles River Laboratories International
RDY,Dr. Reddy's Laboratories Limited
CPT,Camden Property Trust
FIX,Comfort Systems USA
BBWI,Bath & Body Works
DINO,HF Sinclair Corporation
JNPR,Juniper Networks
TFII,TFI International Inc.
AFG,American Financial Group
TAP,Molson Coors Beverage Company
ESTC,Elastic N.V.
SNX,TD SYNNEX Corporation
ONTO,Onto Innovation Inc.
EPAM,EPAM Systems
ALLE,Allegion plc
AR,Antero Resources Corporation
WTRG,Essential Utilities
SOLV,Solventum Corporation
RL,Ralph Lauren Corporation
CW,Curtiss-Wright Corporation
AU,AngloGold Ashanti Limited
ASR,Grupo Aeroportuario del Sureste
RRX,Regal Rexnord Corporation
TWLO,Twilio Inc.
UHS,Universal Health Services
BJ,BJ's Wholesale Club Holdings
PAYC,Paycom Software
SBS,Companhia de Saneamento BÃ¡sico do Estado de SÃ£o Paulo - SABESP
PAG,Penske Automotive Group
SKX,Skechers U.S.A.
SN,SharkNinja
SCI,Service Corporation International
CCK,Crown Holdings
GWRE,Guidewire Software
TFX,Teleflex Incorporated
ALV,Autoliv
NLY,Annaly Capital Management
PCOR,Procore Technologies
QGEN,Qiagen N.V.
INFA,Informatica Inc.
NIO,NIO Inc.
HII,Huntington Ingalls Industries
REXR,Rexford Industrial Realty
UNM,Unum Group
CTLT,Catalent
JEF,Jefferies Financial Group Inc.
CUBE,CubeSmart
DAY,Dayforce Inc
APG,APi Group Corporation
PAC,Grupo Aeroportuario del PacÃ­fico
BXP,Boston Properties
RDDT,Reddit
MOS,The Mosaic Company
KGC,Kinross Gold Corporation
JLL,Jones Lang LaSalle Incorporated
ATR,AptarGroup
TPR,Tapestry
YMM,Full Truck Alliance Co. Ltd.
CACI,CACI International Inc
TREX,Trex Company
KEP,Korea Electric Power Corporation
WCC,WESCO International
BSAC,Banco Santander-Chile
VIPS,Vipshop Holdings Limited
COTY,Coty Inc.
HLI,Houlihan Lokey
TPX,Tempur Sealy International
YPF,YPF SA
TTC,The Toro Company
MUSA,Murphy USA Inc.
RRC,Range Resources Corporation
FBIN,Fortune Brands Innovations
AIZ,Assurant
STN,Stantec Inc.
KNSL,Kinsale Capital Group
PNW,Pinnacle West Capital Corporation
DCI,Donaldson Company
UI,Ubiquiti Inc.
COHR,Coherent
BIRK,Birkenstock Holding plc
KBR,KBR
LEVI,Levi Strauss & Co.
EXP,Eagle Materials Inc.
GNRC,Generac Holdings Inc.
CAVA,CAVA Group
CIB,Bancolombia S.A.
ELF,e.l.f. Beauty
ARMK,Aramark
ORI,Old Republic International Corporation
FHN,First Horizon Corporation
GMED,Globus Medical
GPK,Graphic Packaging Holding Company
EHC,Encompass Health Corporation
CHE,Chemed Corporation
TX,Ternium S.A.
TKO,TKO Group Holdings
MTZ,MasTec
SF,Stifel Financial Corp.
ELAN,Elanco Animal Health Incorporated
U,Unity Software Inc.
FRT,Federal Realty Investment Trust
BWA,BorgWarner Inc.
RBC,RBC Bearings Incorporated
BIO,Bio-Rad Laboratories
FN,Fabrinet
SWN,Southwestern Energy Company
CR,Crane Company
CLF,Cleveland-Cliffs Inc.
TAL,TAL Education Group
WEX,WEX Inc.
PSO,Pearson plc
AGCO,AGCO Corporation
TIMB,TIM S.A.
SKM,SK Telecom Co.
W,Wayfair Inc.
BWXT,BWX Technologies
WF,Woori Financial Group Inc.
X,United States Steel Corporation
GPS,The Gap
EDR,Endeavor Group Holdings
DLB,Dolby Laboratories
BEP,Brookfield Renewable Partners L.P.
WBS,Webster Financial Corporation
EGP,EastGroup Properties
NYT,The New York Times Company
FMC,FMC Corporation
AYI,Acuity Brands
KNX,Knight-Swift Transportation Holdings Inc.
BIO.B,Bio-Rad Laboratories
GL,Globe Life Inc.
AS,Amer Sports
FCN,FTI Consulting
HESM,Hess Midstream LP
PEN,Penumbra
INGR,Ingredion Incorporated
AXTA,Axalta Coating Systems Ltd.
PRI,Primerica
EVR,Evercore Inc.
NNN,NNN REIT Inc
MTN,Vail Resorts
MTDR,Matador Resources Company
MHK,Mohawk Industries
OSK,Oshkosh Corporation
XPEV,XPeng Inc.
AIT,Applied Industrial Technologies
OHI,Omega Healthcare Investors
VOYA,Voya Financial
ATI,ATI Inc.
NOV,NOV Inc.
BRBR,BellRing Brands
GGB,Gerdau S.A.
MSA,MSA Safety Incorporated
CIVI,Civitas Resources
RHI,Robert Half International Inc.
LEA,Lear Corporation
MNSO,MINISO Group Holding Limited
ULS,UL Solutions Inc.
OGE,OGE Energy Corp.
AA,Alcoa Corporation
LAD,Lithia Motors
HRB,H&R Block
CMA,Comerica Incorporated
GLOB,Globant S.A.
COLD,Americold Realty Trust
IVZ,Invesco Ltd.
AM,Antero Midstream Corporation
WTS,Watts Water Technologies
WAL,Western Alliance Bancorporation
ANF,Abercrombie & Fitch Co.
DDS,Dillard's
SSD,Simpson Manufacturing Co.
CIEN,Ciena Corporation
S,SentinelOne
SUM,Summit Materials
ARW,Arrow Electronics
CHWY,Chewy
BERY,Berry Global Group
DAR,Darling Ingredients Inc.
AN,AutoNation
SITE,SiteOne Landscape Supply
KEX,Kirby Corporation
AZEK,The AZEK Company Inc.
RLI,RLI Corp.
AGI,Alamos Gold Inc.
CFR,Cullen Frost Bankers Inc.
PSN,Parsons Corporation
BRX,Brixmor Property Group Inc.
NCLH,Norwegian Cruise Line Holdings Ltd.
KT,KT Corporation
GME,GameStop Corp.
OLN,Olin Corporation
KVYO,Klaviyo
CMC,Commercial Metals Company
MTH,Meritage Homes Corporation
GTLS,Chart Industries
STAG,STAG Industrial
PVH,PVH Corp.
MUR,Murphy Oil Corporation
ALSN,Allison Transmission Holdings
STWD,Starwood Property Trust
NE,Noble Corporation
FLR,Fluor Corporation
BNRE,Brookfield Reinsurance Ltd.
FLS,Flowserve Corporation
MLI,Mueller Industries
ESAB,ESAB Corporation
BROS,Dutch Bros Inc.
DTM,DT Midstream
LPX,Louisiana-Pacific Corporation
SPXC,SPX Technologies
RYAN,Ryan Specialty Holdings
ST,Sensata Technologies Holding plc
CAE,CAE Inc.
POST,Post Holdings
WFG,West Fraser Timber Co. Ltd.
RBRK,Rubrik
OBDC,Blue Owl Capital Corporation
KD,Kyndryl Holdings
TKR,The Timken Company
FR,First Industrial Realty Trust
TMHC,Taylor Morrison Home Corporation
CIG,Cia Energetica DE Minas Gerais - Cemig
BFAM,Bright Horizons Family Solutions Inc.
BRFS,BRF S.A.
RHP,Ryman Hospitality Properties
GXO,GXO Logistics
BILL,BILL Holdings Inc
PB,Prosperity Bancshares
HMY,Harmony Gold Mining Company Limited
ENLC,EnLink Midstream
G,Genpact Limited
ICL,ICL Group Ltd
SSB,SouthState Corporation
ADT,ADT Inc.
VNT,Vontier Corporation
CLS,Celestica Inc.
FRO,Frontline Ltd.
PBF,PBF Energy Inc.
ADC,Agree Realty Corporation
ESNT,Essent Group Ltd.
AXS,AXIS Capital Holdings Limited
ETRN,Equitrans Midstream Corporation
HR,Healthcare Realty Trust Incorporated
IBP,Installed Building Products
SQSP,Squarespace
HXL,Hexcel Corporation
OMF,OneMain Holdings
GIL,Gildan Activewear Inc.
FAF,First American Financial Corporation
JXN,Jackson Financial Inc.
SON,Sonoco Products Company
SNV,Synovus Financial Corp.
TKC,Turkcell Iletisim Hizmetleri A.S.
SMAR,Smartsheet Inc.
BMI,Badger Meter
ESI,Element Solutions Inc
WH,Wyndham Hotels & Resorts
CHH,Choice Hotels International
ERJ,Embraer S.A.
STVN,Stevanato Group S.p.A.
SEE,Sealed Air Corporation
CBT,Cabot Corporation
MTG,MGIC Investment Corporation
SM,SM Energy Company
OGN,Organon & Co.
AIRC,Apartment Income REIT Corp.
TRNO,Terreno Realty Corporation
ZWS,Zurn Elkay Water Solutions Corporation
FSK,FS KKR Capital Corp.
BEPC,Brookfield Renewable Corporation
TDW,Tidewater Inc.
KBH,KB Home
SWX,Southwest Gas Holdings
VAL,Valaris Limited
PLNT,Planet Fitness
RITM,Rithm Capital Corp.
GKOS,Glaukos Corporation
ATKR,Atkore Inc.
PHI,PLDT Inc.
JHG,Janus Henderson Group plc
BC,Brunswick Corporation
AL,Air Lease Corporation
R,Ryder System
ALK,Alaska Air Group
CRS,Carpenter Technology Corporation
CADE,Cadence Bank
MOG.A,Moog Inc.
SUN,Sunoco LP
FG,F&G Annuities & Life
VVV,Valvoline Inc.
MOG.B,Moog Inc.
CWEN.A,Clearway Energy
BCC,Boise Cascade Company
M,Macy's
ELP,Cia Paranaense De Energia Copel
VRN,Veren Inc.
CWEN,Clearway Energy
MOD,Modine Manufacturing Company
THO,Thor Industries
UGP,Ultrapar ParticipaÃ§Ãµes S.A.
NEU,NewMarket Corporation
FSS,Federal Signal Corporation
MMS,Maximus
TNET,TriNet Group
DOCS,Doximity
BYD,Boyd Gaming Corporation
NFG,National Fuel Gas Company
VMI,Valmont Industries
CSAN,Cosan S.A.
MDU,MDU Resources Group
UGI,UGI Corporation
ALTM,Arcadium Lithium plc
BLCO,Bausch + Lomb Corporation
FLO,Flowers Foods
LNC,Lincoln National Corporation
KOF,Coca-Cola FEMSA
MSM,MSC Industrial Direct Co.
RH,RH
FNB,F.N.B. Corporation
AMG,Affiliated Managers Group
SLGN,Silgan Holdings Inc.
BMA,Banco Macro S.A.
ASH,Ashland Inc.
WHR,Whirlpool Corporation
IDA,IDACORP
AWI,Armstrong World Industries
VFC,V.F. Corporation
HOMB,Home Bancshares
THG,The Hanover Insurance Group
RIG,Transocean Ltd.
TEO,Telecom Argentina S.A.
GATX,GATX Corporation
ABG,Asbury Automotive Group
HAE,Haemonetics Corporation
EPRT,Essential Properties Realty Trust
PII,Polaris Inc.
HOG,Harley-Davidson
RDN,Radian Group Inc.
PFSI,PennyMac Financial Services
CWAN,Clearwater Analytics Holdings
DNB,Dun & Bradstreet Holdings
SSL,Sasol Limited
VNO,Vornado Realty Trust
BIPC,Brookfield Infrastructure Corporation
KRG,Kite Realty Group Trust
ASGN,ASGN Incorporated
WK,Workiva Inc.
AEO,American Eagle Outfitters
POR,Portland General Electric Company
SKY,Skyline Champion Corporation
MGY,Magnolia Oil & Gas Corporation
AQN,Algonquin Power & Utilities Corp.
INSP,Inspire Medical Systems
WTM,White Mountains Insurance Group
MSGS,Madison Square Garden Sports Corp.
LOAR,Loar Holdings Inc.
GTES,Gates Industrial Corporation plc
VIST,Vista Energy
OSCR,Oscar Health
RYN,Rayonier Inc.
WU,The Western Union Company
GBCI,Glacier Bancorp
AAP,Advance Auto Parts
BVN,Compania de Minas Buenaventura S.A.
ALIT,Alight
SIG,Signet Jewelers Limited
FUL,H.B. Fuller Company
SEM,Select Medical Holdings Corporation
BNRE.A,Brookfield Reinsurance Ltd.
HRI,Herc Holdings Inc.
NSA,National Storage Affiliates Trust
HAFN,Hafnia Limited
HGV,Hilton Grand Vacations Inc.
NJR,New Jersey Resources Corporation
HUN,Huntsman Corporation
ORA,Ormat Technologies
STNG,Scorpio Tankers Inc.
ENIC,Enel Chile S.A.
DY,Dycom Industries
NXE,NexGen Energy Ltd.
BCO,The Brink's Company
CC,The Chemours Company
GPI,Group 1 Automotive
PAGS,PagSeguro Digital Ltd.
ACA,Arcosa
AVNT,Avient Corporation
AGO,Assured Guaranty Ltd.
FOUR,Shift4 Payments
KNF,Knife River Corporation
CPRI,Capri Holdings Limited
MAIN,Main Street Capital Corporation
TEX,Terex Corporation
ERF,Enerplus Corporation
PRGO,Perrigo Company plc
IGT,International Game Technology PLC
GOLF,Acushnet Holdings Corp.
ITGR,Integer Holdings Corporation
NOG,Northern Oil and Gas
SBSW,Sibanye Stillwater Limited
KRC,Kilroy Realty Corporation
EURN,Euronav NV
CLVT,Clarivate Plc
NNI,Nelnet
MC,Moelis & Company
MATX,Matson
LBRT,Liberty Energy Inc.
SHAK,Shake Shack Inc.
NSP,Insperity
CBZ,CBIZ
BKH,Black Hills Corporation
KMPR,Kemper Corporation
KTB,Kontoor Brands
AB,AllianceBernstein Holding L.P.
ENS,EnerSys
SMG,The Scotts Miracle-Gro Company
SNDR,Schneider National
SDRL,Seadrill Limited
BOX,Box
IRT,Independence Realty Trust
USM,United States Cellular Corporation
HL,Hecla Mining Company
ZETA,Zeta Global Holdings Corp.
HP,Helmerich & Payne
QTWO,Q2 Holdings
BDC,Belden Inc.
LPL,LG Display Co.
TPH,Tri Pointe Homes
PIPR,Piper Sandler Companies
ENV,Envestnet
GMS,GMS Inc.
AMR,Alpha Metallurgical Resources
CNX,CNX Resources Corporation
CNS,Cohen & Steers
SID,Companhia SiderÃºrgica Nacional
MAN,ManpowerGroup Inc.
HASI,Hannon Armstrong Sustainable Infrastructure Capital
ALE,ALLETE
ASAI,Sendas Distribuidora S.A.
CUZ,Cousins Properties Incorporated
SR,Spire Inc.
HBM,Hudbay Minerals Inc.
SG,Sweetgreen
ASAN,Asana
SFBS,ServisFirst Bancshares
OGS,ONE Gas
MHO,M/I Homes
JOBY,Joby Aviation
TGS,Transportadora de Gas del Sur S.A.
CTRE,CareTrust REIT
LAZ,Lazard Ltd
ATHM,Autohome Inc.
SPR,Spirit AeroSystems Holdings
APLE,Apple Hospitality REIT
AX,Axos Financial
TFPM,Triple Flag Precious Metals Corp.
KWR,Quaker Chemical Corporation
KFY,Korn Ferry
JWN,Nordstrom
PNM,PNM Resources
ATS,ATS Corporation
VAC,Marriott Vacations Worldwide Corporation
BOOT,Boot Barn Holdings
WD,Walker & Dunlop
CXT,Crane NXT
PK,Park Hotels & Resorts Inc.
SLG,SL Green Realty Corp.
PRMW,Primo Water Corporation
RNG,RingCentral
WHD,Cactus
BSM,Black Stone Minerals
JOE,The St. Joe Company
HHH,Howard Hughes Holdings Inc.
CPA,Copa Holdings
CXM,Sprinklr
HCC,Warrior Met Coal
GHC,Graham Holdings Company
DOCN,DigitalOcean Holdings
YETI,YETI Holdings
CRC,California Resources Corporation
DV,DoubleVerify Holdings
MAC,The Macerich Company
SAM,The Boston Beer Company
ASB,Associated Banc-Corp
GFF,Griffon Corporation
BHVN,Biohaven Pharmaceutical Holding Company Ltd.
EGO,Eldorado Gold Corporation
ZGN,Ermenegildo Zegna N.V.
VSH,Vishay Intertechnology
VTMX,CorporaciÃ³n Inmobiliaria Vesta
PWSC,PowerSchool Holdings
KAI,Kadant Inc.
TDC,Teradata Corporation
PAM,Pampa EnergÃ­a S.A.
PRKS,United Parks & Resorts Inc.
EPR,EPR Properties
MCY,Mercury General Corporation
IIPR,Innovative Industrial Properties
TNL,Travel + Leisure Co.
PBH,Prestige Consumer Healthcare Inc.
AROC,Archrock
IBTA,Ibotta
SXT,Sensient Technologies Corporation
WOLF,Wolfspeed
NVST,Envista Holdings Corporation
HI,Hillenbrand
BXMT,Blackstone Mortgage Trust
KRP,Kimbell Royalty Partners
NEP,NextEra Energy Partners
CRK,Comstock Resources
BUR,Burford Capital Limited
REZI,Resideo Technologies
HAYW,Hayward Holdings
NPO,EnPro Industries
HTGC,Hercules Capital
APAM,Artisan Partners Asset Management Inc.
AI,C3.ai
CNO,CNO Financial Group
INSW,International Seaways
AUB,Atlantic Union Bankshares Corporation
OR,Osisko Gold Royalties Ltd
CWT,California Water Service Group
TROX,Tronox Holdings plc
LRN,Stride
LTH,Life Time Group Holdings
BAK,Braskem S.A.
GEF,Greif
SKT,Tanger Factory Outlet Centers
GEF.B,Greif
DXC,DXC Technology Company
NYCB,New York Community Bancorp
MP,MP Materials Corp.
FBP,First BanCorp.
HIMS,Hims & Hers Health
SITC,SITE Centers Corp.
MPW,Medical Properties Trust
AVA,Avista Corporation
UNF,UniFirst Corporation
MWA,Mueller Water Products
CSTM,Constellium SE
ABM,ABM Industries Incorporated
JBT,John Bean Technologies Corporation
CVI,CVR Energy
AKO.B,Embotelladora Andina S.A.
NOMD,Nomad Foods Limited
CAAP,CorporaciÃ³n AmÃ©rica Airports S.A.
BNL,Broadstone Net Lease
INST,Instructure Holdings
GNW,Genworth Financial
UAA,Under Armour
WOR,Worthington Industries
BRC,Brady Corporation
UA,Under Armour
AWR,American States Water Company
ARCH,Arch Resources
BBAR,BBVA Argentina
SLVM,Sylvamo Corporation
NHI,National Health Investors
AVAL,Grupo Aval Acciones y Valores S.A.
ENOV,Enovis Corporation
TBBB,BBB Foods Inc.
GPOR,Gulfport Energy Corporation
BTE,Baytex Energy Corp.
KSS,Kohl's Corporation
GBTG,Global Business Travel Group
USAC,USA Compression Partners
BTU,Peabody Energy Corporation
TR,Tootsie Roll Industries
CCS,Century Communities
AIN,Albany International Corp.
ESE,ESCO Technologies Inc.
LCII,LCI Industries
BE,Bloom Energy Corporation
QS,QuantumScape Corporation
HIW,Highwoods Properties
AMTD,AMTD IDEA Group
KOS,Kosmos Energy Ltd.
LU,Lufax Holding Ltd
EAT,Brinker International
PRIM,Primoris Services Corporation
MODG,Topgolf Callaway Brands Corp.
FHI,Federated Hermes
CDP,COPT Defense Properties
MANU,Manchester United plc
GVA,Granite Construction Incorporated
DFH,Dream Finders Homes
RLX,RLX Technology Inc.
AKO.A,Embotelladora Andina S.A.
EVH,Evolent Health
MTX,Minerals Technologies Inc.
SPB,Spectrum Brands Holdings
CWK,Cushman & Wakefield plc
IFS,Intercorp Financial Services Inc.
CEIX,CONSOL Energy Inc.
ZKH,ZKH Group Limited
ABR,Arbor Realty Trust
ADNT,Adient plc
DBRG,DigitalBridge Group
LXP,LXP Industrial Trust
AESI,Atlas Energy Solutions Inc.
GRBK,Green Brick Partners
TGLS,Tecnoglass Inc.
CBU,Community Bank System
TGNA,TEGNA Inc.
TRN,Trinity Industries
CPK,Chesapeake Utilities Corporation
AMK,AssetMark Financial Holdings
AIR,AAR Corp.
YELP,Yelp Inc.
CRI,Carter's
ATMU,Atmus Filtration Technologies Inc.
CCU,Compania Cervecerias Unidas S.A.
BHC,Bausch Health Companies Inc.
TNK,Teekay Tankers Ltd.
OUT,Outfront Media Inc.
BANC,Banc of California
ERO,Ero Copper Corp.
ATGE,Adtalem Global Education Inc.
AMBP,Ardagh Metal Packaging S.A.
PJT,PJT Partners Inc.
MTRN,Materion Corporation
RXO,RXO
KNTK,Kinetik Holdings Inc.
XPRO,Expro Group Holdings N.V.
EVTC,EVERTEC
LGF.A,Lions Gate Entertainment Corp.
LGF.B,Lions Gate Entertainment Corp.
OII,Oceaneering International
KGS,Kodiak Gas Services
BOH,Bank of Hawaii Corporation
DEI,Douglas Emmett
NABL,N-able
CTRI,Centuri Holdings
LSPD,Lightspeed Commerce Inc.
WNS,WNS (Holdings) Limited
CDE,Coeur Mining
MIR,Mirion Technologies
ALG,Alamo Group Inc.
PAY,Paymentus Holdings
CNMD,CONMED Corporation
FCPT,Four Corners Property Trust
SEMR,Semrush Holdings
BWLP,BW LPG Limited
MCW,Mister Car Wash
AG,First Majestic Silver Corp.
AZZ,AZZ Inc.
ZIM,ZIM Integrated Shipping Services Ltd.
BKU,BankUnited
AMN,AMN Healthcare Services
AGL,agilon health
IAG,IAMGOLD Corporation
TALO,Talos Energy Inc.
FUN,Cedar Fair
TDS,Telephone and Data Systems
ARCO,Arcos Dorados Holdings Inc.
RAMP,LiveRamp Holdings
TAC,TransAlta Corporation
COMP,Compass
ENR,Energizer Holdings
ROG,Rogers Corporation
FIHL,Fidelis Insurance Holdings Limited
SPNT,SiriusPoint Ltd.
CABO,Cable One
HNI,HNI Corporation
SIX,Six Flags Entertainment Corporation
CNK,Cinemark Holdings
TDOC,Teladoc Health
SVV,Savers Value Village
CRGY,Crescent Energy Company
WLY,John Wiley & Sons
SHO,Sunstone Hotel Investors
WLYB,John Wiley & Sons
EQC,Equity Commonwealth
VZIO,VIZIO Holding Corp.
HTH,Hilltop Holdings Inc.
UE,Urban Edge Properties
GOTU,Gaotu Techedu Inc.
B,Barnes Group Inc.
BRDG,Bridge Investment Group Holdings Inc.
MBC,MasterBrand
PD,PagerDuty
FL,Foot Locker
OI,O-I Glass
BFH,Bread Financial Holdings
SXI,Standex International Corporation
CALX,Calix
PHIN,PHINIA Inc.
NATL,NCR Atleos Corporation
JBI,Janus International Group
EPAC,Enerpac Tool Group Corp.
KMT,Kennametal Inc.
SWI,SolarWinds Corporation
ASPN,Aspen Aerogels
DAN,Dana Incorporated
DHT,DHT Holdings
VSTO,Vista Outdoor Inc.
EPC,Edgewell Personal Care Company
SAH,Sonic Automotive
TNC,Tennant Company
CEPU,Central Puerto S.A.
VET,Vermilion Energy Inc.
MSDL,Morgan Stanley Direct Lending Fund
SCL,Stepan Company
UP,Wheels Up Experience Inc.
TSLX,Sixth Street Specialty Lending
MNR,Mach Natural Resources LP
WRBY,Warby Parker Inc.
OBDE,Blue Owl Capital Corporation III
VYX,NCR Voyix Corporation
NGVT,Ingevity Corporation
RSI,Rush Street Interactive
AGM,Federal Agricultural Mortgage Corporation
AGM.A,Federal Agricultural Mortgage Corporation
SJW,SJW Group
SFL,SFL Corporation Ltd.
KAR,Openlane Inc.
DFIN,Donnelley Financial Solutions
STR,Sitio Royalties Corp.
BKE,The Buckle
HG,Hamilton Insurance Group
DKL,Delek Logistics Partners
THS,TreeHouse Foods
TV,Grupo Televisa
IONQ,IonQ
DK,Delek US Holdings
FBK,FB Financial Corporation
PEB,Pebblebrook Hotel Trust
GEO,The GEO Group
WMK,Weis Markets
CDLR,Cadeler A/S
VTLE,Vital Energy
WGO,Winnebago Industries
KLG,WK Kellogg Co
GNL,Global Net Lease
SGHC,Super Group (SGHC) Limited
STC,Stewart Information Services Corporation
FSM,Fortuna Silver Mines Inc.
AKR,Acadia Realty Trust
MSGE,Madison Square Garden Entertainment Corp.
OFG,OFG Bancorp
HLX,Helix Energy Solutions Group
HLIO,Helios Technologies
DNA,Ginkgo Bioworks Holdings
BOWL,Bowlero Corp.
FOR,Forestar Group Inc.
LPG,Dorian LPG Ltd.
DRH,DiamondRock Hospitality Company
HBI,Hanesbrands Inc.
SAND,Sandstorm Gold Ltd.
VGR,Vector Group Ltd.
RNST,Renasant Corporation
CMRE,Costamare Inc.
BB,BlackBerry Limited
VSCO,Victoria's Secret & Co.
GSBD,Goldman Sachs BDC
TIXT,TELUS International (Cda) Inc.
IVT,InvenTrust Properties Corp.
ENVA,Enova International
NTB,The Bank of N.T. Butterfield & Son Limited
WS,Worthington Steel
CODI,Compass Diversified
PARR,Par Pacific Holdings
CXW,CoreCivic
DAVA,Endava plc
DBD,Diebold Nixdorf
VRTS,Virtus Investment Partners
GRND,Grindr Inc.
DAC,Danaos Corporation
VSTS,Vestis Corporation
OXM,Oxford Industries
LOB,Live Oak Bancshares
MEG,Montrose Environmental Group
LEG,Leggett & Platt
RLJ,RLJ Lodging Trust
YOU,Clear Secure
USPH,U.S. Physical Therapy
GEL,Genesis Energy
CTS,CTS Corporation
GBX,The Greenbrier Companies
TARO,Taro Pharmaceutical Industries Ltd.
FLNG,FLEX LNG Ltd.
PRG,PROG Holdings
BBUC,Brookfield Business Corporation
KN,Knowles Corporation
SCS,Steelcase Inc.
RVLV,Revolve Group
GETY,Getty Images Holdings
ESRT,Empire State Realty Trust
LZB,La-Z-Boy Incorporated
CGAU,Centerra Gold Inc.
RCUS,Arcus Biosciences
CUBI,Customers Bancorp
MSC,Studio City International Holdings Limited
ETWO,E2open Parent Holdings
PAR,PAR Technology Corporation
GTY,Getty Realty Corp.
WKC,World Kinect Corporation
EVEX,Eve Holding
ZUO,Zuora
GLP,Global Partners LP
DO,Diamond Offshore Drilling
SDHC,Smith Douglas Homes Corp.
KRO,Kronos Worldwide
LTC,LTC Properties
SSTK,Shutterstock
XHR,Xenia Hotels & Resorts
RES,RPC
OEC,Orion Engineered Carbons S.A.
ARI,Apollo Commercial Real Estate Finance
BORR,Borr Drilling Limited
PRO,PROS Holdings
BHE,Benchmark Electronics
BBU,Brookfield Business Partners L.P.
SAFE,Safehold Inc.
LADR,Ladder Capital Corp
RC,Ready Capital Corporation
UTZ,Utz Brands
VVX,V2X
NWN,Northwest Natural Holding Company
VRE,Veris Residential
FCF,First Commonwealth Financial Corporation
DNOW,NOW Inc.
WT,WisdomTree
AMRC,Ameresco
HMN,Horace Mann Educators Corporation
KW,Kennedy-Wilson Holdings
NMM,Navios Maritime Partners L.P.
OMI,Owens & Minor
ELME,Elme Communities
GES,Guess'
AAT,American Assets Trust
NBHC,National Bank Holdings Corporation
MLNK,MeridianLink
MMI,Marcus & Millichap
PHR,Phreesia
HUYA,HUYA Inc.
JBGS,JBG SMITH Properties
LVWR,LiveWire Group
TWO,Two Harbors Investment Corp.
JELD,JELD-WEN Holding
FINV,FinVolution Group
REVG,REV Group
UVV,Universal Corporation
BKD,Brookdale Senior Living Inc.
LUMN,Lumen Technologies
COUR,Coursera
GIC,Global Industrial Company
HY,Hyster-Yale Materials Handling
NTST,NETSTREIT Corp.
PMT,PennyMac Mortgage Investment Trust
VTEX,VTEX
CNNE,Cannae Holdings
AMC,AMC Entertainment Holdings
LNN,Lindsay Corporation
CAL,Caleres
BRCC,BRC Inc.
GOOS,Canada Goose Holdings Inc.
KEN,Kenon Holdings Ltd.
BV,BrightView Holdings
SPHR,Sphere Entertainment Co.
HE,Hawaiian Electric Industries
LMND,Lemonade
JKS,JinkoSolar Holding Co.
DEA,Easterly Government Properties
NIC,Nicolet Bankshares
SA,Seabridge Gold Inc.
STEL,Stellar Bancorp
CDRE,Cadre Holdings
DQ,Daqo New Energy Corp.
ALEX,Alexander & Baldwin
PFS,Provident Financial Services
CARS,Cars.com Inc.
NVGS,Navigator Holdings Ltd.
SPH,Suburban Propane Partners
DOLE,Dole plc
SLCA,U.S. Silica Holdings
SII,Sprott Inc.
ATEN,A10 Networks
MAX,MediaAlpha
AIV,Apartment Investment and Management Company
ACHR,Archer Aviation Inc.
FSLY,Fastly
CMTG,Claros Mortgage Trust
THR,Thermon Group Holdings
GENI,Genius Sports Limited
MODN,Model N
NRP,Natural Resource Partners L.P.
FDP,Fresh Del Monte Produce Inc.
ARLO,Arlo Technologies
PRM,Perimeter Solutions
CTOS,Custom Truck One Source
ECVT,Ecovyst Inc.
MRC,MRC Global Inc.
SBH,Sally Beauty Holdings
ALX,Alexander's
UMH,UMH Properties
TGI,Triumph Group
MFA,MFA Financial
IHS,IHS Holding Limited
NX,Quanex Building Products Corporation
PSFE,Paysafe Limited
LOMA,Loma Negra CompaÃ±Ã­a Industrial Argentina SA
ECO,Okeanis Eco Tankers Corp.
CIM,Chimera Investment Corporation
HLF,Herbalife Nutrition Ltd.
WWW,Wolverine World Wide
EIG,Employers Holdings
FBRT,Franklin BSP Realty Trust
AGRO,Adecoagro S.A.
EDN,Empresa Distribuidora y Comercializadora Norte SA
BCSF,Bain Capital Specialty Finance
BY,Byline Bancorp
VTOL,Bristow Group Inc.
LC,LendingClub Corporation
HOV,Hovnanian Enterprises
RSKD,Riskified Ltd.
HCI,HCI Group
TDCX,TDCX Inc.
BLX,Banco Latinoamericano de Comercio Exterior
IRS,IRSA Inversiones y Representaciones SA
OBK,Origin Bancorp
PGRE,Paramount Group
ATUS,Altice USA
BBDC,Barings BDC
PDS,Precision Drilling Corporation
PUMP,ProPetro Holding Corp.
CSR,Centerspace
EFC,Ellington Financial Inc.
TPC,Tutor Perini Corporation
WTTR,Select Energy Services
SHCO,Soho House & Co Inc.
MTUS,Metallus Inc.
BHLB,Berkshire Hills Bancorp
DLX,Deluxe Corporation
TUYA,Tuya Inc.
VLRS,Controladora Vuela CompaÃ±Ã­a de AviaciÃ³n
IDT,IDT Corporation
WNC,Wabash National Corporation
NOAH,Noah Holdings Limited
GNK,Genco Shipping & Trading Limited
NEXA,Nexa Resources S.A.
MATV,Mativ Holdings
REX,REX American Resources Corporation
ZIP,ZipRecruiter
AORT,Artivion
FVRR,Fiverr International Ltd.
HRT,HireRight Holdings Corporation
PLYM,Plymouth Industrial REIT
NCDL,Nuveen Churchill Direct Lending Corp.
MTAL,Metals Acquisition Corp
SBOW,SilverBow Resources
KIND,Nextdoor Holdings
NAPA,The Duckhorn Portfolio
PBI,Pitney Bowes Inc.
GSL,Global Ship Lease
ARR,ARMOUR Residential REIT
NXRT,NexPoint Residential Trust
AVNS,Avanos Medical
FIGS,FIGS
USNA,USANA Health Sciences
AXL,American Axle & Manufacturing Holdings
PX,P10
SBR,Sabine Royalty Trust
CWH,Camping World Holdings
ASC,Ardmore Shipping Corporation
EXK,Endeavour Silver Corp.
DESP,Despegar.com
KOP,Koppers Holdings Inc.
GB,Global Blue Group Holding AG
BFS,Saul Centers
BZH,Beazer Homes USA
UAN,CVR Partners
PDM,Piedmont Office Realty Trust
NAT,Nordic American Tankers Limited
TNP,Tsakos Energy Navigation Limited
SOC,Sable Offshore Corp.
IMAX,IMAX Corporation
ENFN,Enfusion
SXC,SunCoke Energy
GHLD,Guild Holdings Company
RWT,Redwood Trust
AGX,Argan
UTL,Unitil Corporation
BXC,BlueLinx Holdings Inc.
OKLO,Oklo Inc.
SUPV,Grupo Supervielle S.A.
BSIG,BrightSphere Investment Group Inc.
CLW,Clearwater Paper Corporation
DCO,Ducommun Incorporated
GRC,The Gorman-Rupp Company
CLB,Core Laboratories N.V.
GRNT,Granite Ridge Resources
ACEL,Accel Entertainment
TK,Teekay Corporation
SPLP,Steel Partners Holdings L.P.
ML,MoneyLion Inc.
NPWR,NET Power Inc.
PRLB,Proto Labs
BDN,Brandywine Realty Trust
BRSP,BrightSpire Capital
BYON,Beyond
NUVB,Nuvation Bio Inc.
GATO,Gatos Silver
AMBC,Ambac Financial Group
DX,Dynex Capital
LAAC,Lithium Americas (Argentina) Corp.
FBMS,The First Bancshares
CHPT,ChargePoint Holdings
UTI,Universal Technical Institute
DRD,DRDGOLD Limited
RYI,Ryerson Holding Corporation
AMTB,Amerant Bancorp Inc.
HKD,AMTD Digital Inc.
WLKP,Westlake Chemical Partners LP
AHH,Armada Hoffler Properties
OLO,Olo Inc.
YALA,Yalla Group Limited
AHR,American Healthcare REIT
BLND,Blend Labs
CAPL,CrossAmerica Partners LP
CCO,Clear Channel Outdoor Holdings
PRA,ProAssurance Corporation
PFLT,PennantPark Floating Rate Capital Ltd.
NGL,NGL Energy Partners LP
EXTO,Almacenes Ã‰xito S.A.
HPP,Hudson Pacific Properties
RGR,Sturm
ETD,Ethan Allen Interiors Inc.
VVI,Viad Corp
BGS,B&G Foods
HGTY,Hagerty
AC,Associated Capital Group
VTS,Vitesse Energy
LAC,Lithium Americas Corp.
NBR,Nabors Industries Ltd.
YEXT,Yext
CBL,CBL & Associates Properties
TXO,TXO Partners L.P.
PGRU,PropertyGuru Limited
PACS,PACS Group
LDI,loanDepot
AZUL,Azul S.A.
SMP,Standard Motor Products
LXU,LSB Industries
TRTX,TPG RE Finance Trust
JMIA,Jumia Technologies AG
DEC,Diversified Energy Company PLC
KREF,KKR Real Estate Finance Trust Inc.
MLR,Miller Industries
UWMC,UWM Holdings Corporation
CLCO,Cool Company Ltd.
NUS,Nu Skin Enterprises
DIN,Dine Brands Global
GTN.A,Gray Television
CHCT,Community Healthcare Trust Incorporated
CION,CION Investment Corporation
UNFI,United Natural Foods
ASIX,AdvanSix Inc.
GTN,Gray Television
AACT,Ares Acquisition Corporation II
DRQ,Dril-Quip
NVRI,Enviri Corporation
MD,Pediatrix Medical Group
NR,Newpark Resources
TWI,Titan International
INN,Summit Hotel Properties
EFXT,Enerflex Ltd.
WEAV,Weave Communications
FNA,Paragon 28
EGY,VAALCO Energy
IIIN,Insteel Industries
HZO,MarineMax
CURV,Torrid Holdings Inc.
RERE,ATRenew Inc.
SB,Safe Bulkers
WSR,Whitestone REIT
BH,Biglari Holdings Inc.
AMPS,Altus Power
EVRI,Everi Holdings Inc.
BH.A,Biglari Holdings Inc.
PBT,Permian Basin Royalty Trust
SMWB,Similarweb Ltd.
MYE,Myers Industries
VEL,Velocity Financial
TPB,Turning Point Brands
HOUS,Anywhere Real Estate Inc.
UVE,Universal Insurance Holdings
PLOW,Douglas Dynamics
OUST,Ouster
GMRE,Global Medical REIT Inc.
CPF,Central Pacific Financial Corp.
NPK,National Presto Industries
PL,Planet Labs PBC
MUX,McEwen Mining Inc.
SMR,NuScale Power Corporation
LZM,Lifezone Metals Limited
TTI,TETRA Technologies
GCI,Gannett Co.
ODC,Oil-Dri Corporation of America
PSBD,Palmer Square Capital BDC Inc.
FPI,Farmland Partners Inc.
CMP,Compass Minerals International
DBI,Designer Brands Inc.
EBF,Ennis
NOA,North American Construction Group Ltd.
PACK,Ranpak Holdings Corp.
EQBK,Equity Bancshares
GDOT,Green Dot Corporation
BALY,Bally's Corporation
SMRT,SmartRent
VHI,Valhi
NOVA,Sunnova Energy International Inc.
UHT,Universal Health Realty Income Trust
GPRK,GeoPark Limited
OLP,One Liberty Properties
EB,Eventbrite
FC,Franklin Covey Co.
CYH,Community Health Systems
SD,SandRidge Energy
ARIS,Aris Water Solutions
MCB,Metropolitan Bank Holding Corp.
OSG,Overseas Shipholding Group
ACCO,ACCO Brands Corporation
LND,BrasilAgro - Companhia Brasileira de Propriedades AgrÃ­colas
DDD,3D Systems Corporation
SLQT,SelectQuote
YSG,Yatsen Holding Limited
NGVC,Natural Grocers by Vitamin Cottage
PNNT,PennantPark Investment Corporation
TRC,Tejon Ranch Co.
EE,Excelerate Energy
HVT.A,Haverty Furniture Companies
HVT,Haverty Furniture Companies
WDH,Waterdrop Inc.
CPAC,Cementos Pacasmayo S.A.A.
SRI,Stoneridge
OPY,Oppenheimer Holdings Inc.
ORC,Orchid Island Capital
SKE,Skeena Resources Limited
HLLY,Holley Inc.
CRD.A,Crawford & Company
IVR,Invesco Mortgage Capital Inc.
MLP,Maui Land & Pineapple Company
AGS,PlayAGS
CRD.B,Crawford & Company
CINT,CI&T Inc
CHGG,Chegg
EAF,GrafTech International Ltd.
SNDA,Sonida Senior Living
MTW,The Manitowoc Company
DAO,Youdao
SES,SES AI Corporation
CLDT,Chatham Lodging Trust
GBLI,Global Indemnity Group
MEI,Methode Electronics
YRD,Yiren Digital Ltd.
VPG,Vishay Precision Group
MOV,Movado Group
BOC,Boston Omaha Corporation
HIPO,Hippo Holdings Inc.
MYTE,MYT Netherlands Parent B.V.
XPER,Xperi Holding Corporation
BBW,Build-A-Bear Workshop
ZH,Zhihu Inc.
NVRO,Nevro Corp.
SAVE,Spirit Airlines
EHAB,Enhabit
GFR,Greenfire Resources Ltd
TYG,Tortoise Energy Infrastructure Corporation
CTO,CTO Realty Growth
CSV,Carriage Services
WOW,WideOpenWest
SPCE,Virgin Galactic Holdings
HSHP,Himalaya Shipping Ltd.
ADCT,ADC Therapeutics SA
KODK,Eastman Kodak Company
GNE,Genie Energy Ltd.
SOI,Solaris Oilfield Infrastructure
SMBK,SmartFinancial
FUBO,fuboTV Inc.
DDL,Dingdong (Cayman) Limited
MPLN,MultiPlan Corporation
QD,Qudian Inc.
LAW,CS Disco
EEX,Emerald Holding
PSTL,Postal Realty Trust
DSX,Diana Shipping Inc.
ACRE,Ares Commercial Real Estate Corporation
ASA,ASA Gold and Precious Metals Limited
NLOP,Net Lease Office Properties
CVEO,Civeo Corporation
BBAI,BigBear.ai Holdings
RRAC,Rigel Resource Acquisition Corp.
SGU,Star Group
MPX,Marine Products Corporation
NRDY,Nerdy
SOS,SOS Limited
TPVG,TriplePoint Venture Growth BDC Corp.
NL,NL Industries
GNTY,Guaranty Bancshares
FFWM,First Foundation Inc.
GHI,Greystone Housing Impact Investors LP
SMLP,Summit Midstream Partners
UIS,Unisys Corporation
SRG,Seritage Growth Properties
MCS,The Marcus Corporation
WTI,W&T Offshore
SCM,Stellus Capital Investment Corporation
TBI,TrueBlue
CYD,China Yuchai International Limited
JILL,J.Jill
ANRO,Alto Neuroscience
IPI,Intrepid Potash
LXFR,Luxfer Holdings PLC
BRT,BRT Apartments Corp.
FRGE,Forge Global Holdings
GHG,GreenTree Hospitality Group Ltd.
OPFI,OppFi Inc.
SAR,Saratoga Investment Corp.
RYAM,Rayonier Advanced Materials Inc.
RDW,Redwire Corporation
MEC,Mayville Engineering Company
AOMR,Angel Oak Mortgage
WBX,Wallbox N.V.
GHM,Graham Corporation
HYAC,Haymaker Acquisition Corp. III
TRAK,Park City Group
GCO,Genesco Inc.
ORN,Orion Group Holdings
MBI,MBIA Inc.
OIS,Oil States International
NGS,Natural Gas Services Group
RM,Regional Management Corp.
PKE,Park Aerospace Corp.
CTV,Innovid Corp.
EBS,Emergent BioSolutions Inc.
HRTG,Heritage Insurance Holdings
ALTG,Alta Equipment Group Inc.
COOK,Traeger
TRTL,TortoiseEcofin Acquisition Corp. III
FREY,FREYR Battery
XPOF,Xponential Fitness
HYLN,Hyliion Holdings Corp.
MED,Medifast
AKA,a.k.a. Brands Holding Corp.
ONTF,ON24
VLN,Valens Semiconductor Ltd.
AUNA,Auna S.A.
MG,Mistras Group
QUAD,Quad/Graphics
HBB,Hamilton Beach Brands Holding Company
SPIR,Spire Global
AVD,American Vanguard Corporation
NREF,NexPoint Real Estate Finance
AMPY,Amplify Energy Corp.
CPS,Cooper-Standard Holdings Inc.
ALLG,Allego N.V.
TCI,Transcontinental Realty Investors
GCTS,GCT Semiconductor Holding
NC,NACCO Industries
RNGR,Ranger Energy Services
MSB,Mesabi Trust
AAN,The Aaron's Company
CNDA,Concord Acquisition Corp II
PERF,Perfect Corp.
FET,Forum Energy Technologies
ARL,American Realty Investors
KFS,Kingsway Financial Services Inc.
FPH,Five Point Holdings
LEV,The Lion Electric Company
FF,FutureFuel Corp.
BARK,BARK
BFLY,Butterfly Network
PINE,Alpine Income Property Trust
MITT,AG Mortgage Investment Trust
ONL,Orion Office REIT Inc.
LLAP,Terran Orbital Corporation
CIO,City Office REIT
OCN,Ocwen Financial Corporation
DM,Desktop Metal
STEM,Stem
SEDA,SDCL EDGE Acquisition Corporation
SJT,San Juan Basin Royalty Trust
NOTE,FiscalNote Holdings
OOMA,Ooma
EVC,Entravision Communications Corporation
XYF,X Financial
LANV,Lanvin Group Holdings Limited
MX,Magnachip Semiconductor Corporation
BHR,Braemar Hotels & Resorts Inc.
NMG,Nouveau Monde Graphite Inc.
ODV,Osisko Development Corp.
KNOP,KNOT Offshore Partners LP
TG,Tredegar Corporation
RMAX,RE/MAX Holdings
SBXC,SilverBox Corp III
TLYS,Tilly's
TRIS,Tristar Acquisition I Corp.
AEVA,Aeva Technologies
BKSY,BlackSky Technology Inc.
APCA,AP Acquisition Corp.
CANG,Cango Inc.
TSQ,Townsquare Media
GPMT,Granite Point Mortgage Trust Inc.
NRGV,Energy Vault Holdings
LCW,Learn CW Investment Corporation
NFYS,Enphys Acquisition Corp.
QBTS,D-Wave Quantum Inc.
EVTL,Vertical Aerospace Ltd.
OPAD,Offerpad Solutions Inc.
PHYT,Pyrophyte Acquisition Corp.
BFAC,Battery Future Acquisition Corp.
MDV,Modiv Inc.
BKKT,Bakkt Holdings
DLNG,Dynagas LNG Partners LP
AMWL,American Well Corporation
EARN,Ellington Residential Mortgage REIT
SST,System1
GWH,ESS Tech
SKLZ,Skillz Inc.
CIA,Citizens
AJX,Great Ajax Corp.
MNTN,Everest Consolidator Acquisition Corporation
LFT,Lument Finance Trust
AMPX,Amprius Technologies
KCGI,Kensington Capital Acquisition Corp. V
CMCM,Cheetah Mobile Inc.
TSE,Trinseo PLC
CLBR,Colombier Acquisition Corp.
DOUG,Douglas Elliman Inc.
IFIN,InFinT Acquisition Corporation
SCX,The L.S. Starrett Company
PHX,PHX Minerals Inc.
PSQH,PSQ Holdings
ARC,ARC Document Solutions
UFI,Unifi
SOL,Emeren Group Ltd
DHX,DHI Group
RCFA,RCF Acquisition Corp.
PNST,Pinstripes Holdings Inc.
TCOA,Zalatoris Acquisition Corp
DTC,Solo Brands
CCRD,CoreCard Corporation
FTK,Flotek Industries
WHG,Westwood Holdings Group
STG,Sunlands Technology Group
CHMI,Cherry Hill Mortgage Investment Corporation
BW,Babcock & Wilcox Enterprises
IH,iHuman Inc.
BIG,Big Lots
AXR,AMREP Corporation
LICY,Li-Cycle Holdings Corp.
ACR,ACRES Commercial Realty Corp.
SUP,Superior Industries International
CNF,CNFinance Holdings Limited
CATO,The Cato Corporation
TUP,Tupperware Brands Corporation
VOC,VOC Energy Trust
KUKE,Kuke Music Holding Limited
OSI,Osiris Acquisition Corp.
MKFG,Markforged Holding Corporation
OCFT,OneConnect Financial Technology Co.
DNMR,Danimer Scientific
ANVS,Annovis Bio
ALUR,Allurion Technologies Inc.
SRL,Scully Royalty Ltd.
DOMA,Doma Holdings Inc.
CRT,Cross Timbers Royalty Trust
WEL,Integrated Wellness Acquisition Corp
SKIL,Skillsoft Corp.
VATE,INNOVATE Corp.
LITB,LightInTheBox Holding Co.
GLT,Glatfelter Corporation
ZVIA,Zevia PBC
BGSF,BGSF
FOA,Finance Of America Companies Inc.
RBOT,Vicarious Surgical Inc.
SPRU,Spruce Power Holding Corporation
NRT,North European Oil Royalty Trust
NINE,Nine Energy Service
KORE,KORE Group Holdings
VLD,Velo3D
CLPR,Clipper Realty Inc.
BODI,The Beachbody Company
NTZ,Natuzzi S.p.A.
GROV,Grove Collaborative Holdings
ENZ,Enzo Biochem
BEDU,Bright Scholar Education Holdings Limited
AHT,Ashford Hospitality Trust
CULP,Culp
ZEPP,Zepp Health Corporation
FATH,Fathom Digital Manufacturing Corporation
BPT,BP Prudhoe Bay Royalty Trust
NEUE,NeueHealth
PVL,Permianville Royalty Trust
LL,LL Flooring Holdings
BHIL,Benson Hill
PRT,PermRock Royalty Trust
EVA,Enviva Inc.
TCS,The Container Store Group
AIU,Meta Data Limited
BEST,BEST Inc.
CGA,China Green Agriculture
RFL,Rafael Holdings
OWLT,Owlet
MRDB,MariaDB plc
TISI,Team
SRFM,Surf Air Mobility Inc.
SQNS,Sequans Communications S.A.
AP,Ampco-Pittsburgh Corporation
CZOO,Cazoo Group Ltd
BTCM,BIT Mining Limited
LOCL,Local Bounti Corporation
FENG,Phoenix New Media Limited
ICD,Independence Contract Drilling
ATIP,ATI Physical Therapy
VNCE,Vince Holding Corp.
NYC,American Strategic Investment Co
FEDU,Four Seasons Education (Cayman) Inc.
XIN,Xinyuan Real Estate Co.
BNED,Barnes & Noble Education
EQS,Equus Total Return
GETR,Getaround
MOGU,MOGU Inc.
CCM,Concord Medical Services Holdings Limited
MTR,Mesa Royalty Trust
VHC,VirnetX Holding Corp
RBT,Rubicon Technologies